Id,Class
8xZW7jgeCML04hIw3tOB,1
DwEQhKioybXvg8lrjpRe,1
8xoYOIE7Kf3htDGPbHA4,1
8xWUVaRdteXQ6ZPykFJ0,1
4KgGClw1aNsMP8TWRFio,1
Dw3LWkzUOlqIKxGphv1c,1
4KSqD2j0yXBPGgskLCFa,1
8xq2imXEnK4oUR506zpf,1
4Kq0NxdX39AckSV5F7tm,2
DwyNaEk0S4769ocfPOzn,2
DwtbW2PVfAcyQMTE5IoR,2
4KOceFJiZ30X7NtS9IL1,2
4KZRhfsL2Fx6SXrzQDAt,3
4K1DMYcdkRSouvg5isVI,3
Dw2sXhq6imtArjTZo3YC,3
Dw4btEPMk3reBuNsZ15S,3
8vJCyPbGlhH49DTEdSFo,3
DW2p936zbvPKIECerA70,3
DwNQdfBUbji2WRGn1vLE,3
8vMOlAULDJyi3PK0SWg9,3
8x1oTUZgX2JaQtqBYNld,3
4KAdMvSOYoB90Hp1Wnac,3
DWFmpGk9T0cqB1f3YCjy,3
G9uS0QUHK6oW7XPmqvfj,3
G9MXfcb4iVKa3BeN1SLg,3
8xeA1WMrofFtmNvhKaYJ,3
DWixC3uFhlE6J4K0rfsZ,3
8va102hpJn5DVLe9i6Fq,3
G9AfUZY5xLuDFISqKyQs,3
8vJiQURcq15ZtmEdHOIp,4
ljuryB4bfagHqV5FM9Ae,4
G9tcxvXL8sZAjU72zYOg,4
ljFT1KeZmEiHxhuRbrcd,4
G9jfR1PvIhwMx2Wts43b,4
4KWOXqY1owuJMjUShbfr,6
4KuEofPrvHURC9i8JGnt,6
4KmZOnASsyHRUgVkw5oq,6
8vbY5BPnrKjZRmGASxHk,6
4Kr1hQyLdEMq9AmYIlzR,6
DwOFyEfhlGeMU2q0vbZa,7
8vLGE0QNUBHaK3dt5hyl,7
G9ItnR8HegBwlxEjDy6m,7
4KYgbJAoBWLCvP8mQOXU,8
DW4JTXzdAu08aLeQOFPt,8
DWSP7z4amdHwKRnMqrjJ,8
DWnB8cNMprEmkXTtHu9O,9
DW5XohIOgHPNwdBKkM9i,9
4KAfN3s7MPajdn5ecCIG,9
8vLfMwRVsYl2ZeghxCSp,9
4KhBDXeMgWo3OfRsyGj5,9